category,system_or_policy,k,answer_score,grounding_f1,local_lava,evidence_recall,complete_evidence_questions,schema_valid_rate,validation,status
retrieval,BM25,5,,,,0.953125,14,,development_panel,measured
retrieval,multilingual_E5,5,,,,0.921875,13,,development_panel,measured_not_promoted
retrieval,ColQwen_visual,5,,,,0.984375,15,,development_panel,measured
retrieval,BM25_visual_fusion,5,,,,0.984375,15,,development_panel,measured
retrieval,BM25,10,,,,1.0,16,,development_panel,measured
retrieval,ColQwen_visual,10,,,,1.0,16,,development_panel,measured
reader,Qwen3.5_9B_gold_evidence,,0.8014880952,0.9389880952,0.8702380952,,,1.0,reader_isolation,reader_frontier
system,Qwen3.5_9B_two_pass_retrieved,,0.6764880952,0.8833333333,0.7799107143,,,,complete_system_development,incumbent
reader,larger_reader_best_one_shot,,0.54375,0.90625,0.725,,,1.0,same_semantic_contract,not_promoted
reader,Qwen9B_same_run_single,,,,0.8233630952,,,,development_panel,control
reader,Qwen9B_self_consistency,,,,0.8348214286,,,,development_panel,not_promoted
reader,Qwen9B_active_perception,,,,0.8129464286,,,,development_panel,not_promoted
reader,Qwen9B_self_consistency_active,,,,0.8348214286,,,,development_panel,not_promoted
reasoning,exhaustive_screen_direct,,,,0.5245535714,,,,development_panel,not_promoted
reasoning,targeted_reread,,,,0.5677083333,,,,development_panel,not_promoted
reasoning,explicit_reasoning,,,,0.6920634921,,,,development_panel,not_promoted
reader,Gemma4_12B_gold_evidence,,0.71875,0.90625,0.8125,,,1.0,reader_isolation,measured
reader,Gemma4_12B_retrieved_direct,,0.4479167,0.8645833,0.65625,,,,development_panel,measured
reader,Gemma4_12B_selfcite,,0.7291667,0.8333333,0.78125,,,0.9375,development_panel,standalone_not_promoted_complementary
system,heterogeneous_routed_system,,,,0.8267857143,,,,nested_leave_one_document_out,validated_challenger
