name,size,creationDate,sha256,s3_key,version_id,status,verified_at_utc
sample_submission.csv,14263,2026-04-16 12:17:01.650000,66133e202046123135ad4a130107880390947a63824380f8d06cf3463497d25e,raw/kaggle/sample_submission.csv,B5S46EZlFMO3HPiu3huwITl85NsPRLVa,reused,2026-09-01T23:30:19.010032+00:00
test.csv,181567,2026-04-16 12:17:01.735000,2ac749f466d2e8e88e08fbb14739759edc17dd97b91049a2a8a25e7113b81181,raw/kaggle/test.csv,sGRCxzfn3dnmiVg.X9r6WzkJSuumncfE,reused,2026-09-01T23:30:19.044928+00:00
test_pdfs/test_pdfs/j_0000.pdf,554546,2026-04-16 12:17:15.117000,1d264b87d45bae153ada840913dec84a95de0282faa843790c1b96f694d2f06d,raw/kaggle/test_pdfs/test_pdfs/j_0000.pdf,fNm9ibERN_gzRHXXpN5Chtafup2bIz5O,reused,2026-09-01T23:30:19.076756+00:00
test_pdfs/test_pdfs/j_0001.pdf,1209523,2026-04-16 12:17:14.713000,f10f74614af3f875f62eb10b7f78f12fcec5c995f0ff203a58a2f2368f1ca67f,raw/kaggle/test_pdfs/test_pdfs/j_0001.pdf,oGMfmdDc1X9LCgfW.NJpFjXkluPZcCFr,uploaded,2026-09-01T23:30:20.973520+00:00
test_pdfs/test_pdfs/j_0002.pdf,1590841,2026-04-16 12:17:15.219000,46a100838d0a4eae48a3e64120bd2891a4133b2950d7aad831b78afb9cef44d3,raw/kaggle/test_pdfs/test_pdfs/j_0002.pdf,ogXojcoO7X4ENcyX3criQljKVXhE4SQM,uploaded,2026-09-01T23:30:22.737328+00:00
test_pdfs/test_pdfs/j_0003.pdf,679093,2026-04-16 12:17:15.233000,892b750cdacdb7e7218180f34886ad953cb261fa6633f07c6c48d58fc19ffefb,raw/kaggle/test_pdfs/test_pdfs/j_0003.pdf,cM.DjUMHrD5fLD2ZHLP6ohouDLW4OU7r,uploaded,2026-09-01T23:30:24.263414+00:00
test_pdfs/test_pdfs/j_0004.pdf,6213768,2026-04-16 12:17:15.530000,c7aca7ac4fbe62c9fb52b4aa159853f49b9b23643e40910db6dd6a66237de383,raw/kaggle/test_pdfs/test_pdfs/j_0004.pdf,qtv2nAiN9FYe.uwbMGoTidEq9zjMUaCw,uploaded,2026-09-01T23:30:26.226971+00:00
test_pdfs/test_pdfs/j_0005.pdf,671007,2026-04-16 12:17:15.872000,97cb0b99dba17b1d160bf976d63b6c784d3f988fd7bf7fbcab67b6f61c31fa30,raw/kaggle/test_pdfs/test_pdfs/j_0005.pdf,rBiHUcP2rCgWATU5fzvfeSBHQ3AOdaJA,uploaded,2026-09-01T23:30:27.870697+00:00
test_pdfs/test_pdfs/j_0006.pdf,2138674,2026-04-16 12:17:15.407000,b6478664b1219fccd8945f994b1c2583f90a295b03f0ee7fb163f03244965fdd,raw/kaggle/test_pdfs/test_pdfs/j_0006.pdf,zIKMd0qWyEw54jSjBzHuIpe90XwxCxm.,uploaded,2026-09-01T23:30:30.005815+00:00
test_pdfs/test_pdfs/j_0007.pdf,3184246,2026-04-16 12:17:15.370000,d190dde13b8c80d0307abd0966fb31c8b5dd3aef981f061acf5c4741523e3435,raw/kaggle/test_pdfs/test_pdfs/j_0007.pdf,NqqCzEWloHkptJzzZDW3NyiZVKHKiZCZ,uploaded,2026-09-01T23:30:32.108645+00:00
test_pdfs/test_pdfs/j_0008.pdf,2592017,2026-04-16 12:17:13.410000,1df629b6a251e078fbbf5b67febb71c6930482a3705cd66c78fc551f3204625c,raw/kaggle/test_pdfs/test_pdfs/j_0008.pdf,qPcegtLflMYN_zdGLkjFx.p88pRiURJI,uploaded,2026-09-01T23:30:34.182863+00:00
test_pdfs/test_pdfs/j_0009.pdf,2753361,2026-04-16 12:17:13.552000,a5969e66b65b056b948b8a3b7a81190c75ecf88822fcf21be122662cf9fbc1b4,raw/kaggle/test_pdfs/test_pdfs/j_0009.pdf,Un4b1BHnPM.vs0TSfErasaYWh7LewICG,uploaded,2026-09-01T23:30:36.437226+00:00
test_pdfs/test_pdfs/j_0010.pdf,1595723,2026-04-16 12:17:15.493000,4c09e26b504d3aca588ac2fbe4735be07078d387c1a85d686d602561a552e72f,raw/kaggle/test_pdfs/test_pdfs/j_0010.pdf,2i.B0h_u66zw826iubisLUrOKne9TCdq,uploaded,2026-09-01T23:30:38.237726+00:00
test_pdfs/test_pdfs/j_0011.pdf,1871496,2026-04-16 12:17:15.881000,0c108059826347c90c13834ab2736fba71cd4e00b35a31ec2149fa83bdc1bab3,raw/kaggle/test_pdfs/test_pdfs/j_0011.pdf,_uJmIRbpwTt8wTSZe.26QyqNRFEyGd9K,uploaded,2026-09-01T23:30:40.067289+00:00
test_pdfs/test_pdfs/j_0012.pdf,1977944,2026-04-16 12:17:15.412000,6a9d276de79a84df1cae3999ec43df38740b5738598420d96c4a7e7a690c7330,raw/kaggle/test_pdfs/test_pdfs/j_0012.pdf,klZW6YmY9rvcgbuuleht2xy_4UsdNwm6,uploaded,2026-09-01T23:30:41.933625+00:00
test_pdfs/test_pdfs/j_0013.pdf,1563510,2026-04-16 12:17:15.365000,56a98d5a52a966bcb266396992dd2ad9c71b726826e411e80e9df2ae31ff068e,raw/kaggle/test_pdfs/test_pdfs/j_0013.pdf,tLbfSiiNmT4CHbajzhm2to5.2OPkPmP5,uploaded,2026-09-01T23:30:44.096396+00:00
test_pdfs/test_pdfs/j_0014.pdf,1427196,2026-04-16 12:17:15.113000,1fd69d3bac4216d8518e4fc9047a8c5e68459570f748786bb6a7240650ed4f29,raw/kaggle/test_pdfs/test_pdfs/j_0014.pdf,aKNtfU5IXLeN3sKlyM9PcC7Iq0nx5XEe,uploaded,2026-09-01T23:30:45.893332+00:00
test_pdfs/test_pdfs/j_0015.pdf,405729,2026-04-16 12:17:14.712000,ce958348f4fd270328b04c6d4c16a2cd1cc647361b2c4f98954c1117b07d7397,raw/kaggle/test_pdfs/test_pdfs/j_0015.pdf,4v1sPTtU0ysv7o0tfOZkrMj_j5FuYFAD,uploaded,2026-09-01T23:30:47.331726+00:00
test_pdfs/test_pdfs/j_0016.pdf,1170317,2026-04-16 12:17:15.170000,d119fbbd68bf72b72b92620aacaf2270ce86b58e2f3c5f3e2d507c2e42b36a0a,raw/kaggle/test_pdfs/test_pdfs/j_0016.pdf,tWd5GqLMUd6sX6RgaaZMfxnIM32pQBRQ,uploaded,2026-09-01T23:30:49.054556+00:00
test_pdfs/test_pdfs/j_0017.pdf,951184,2026-04-16 12:17:15.240000,6bf162161e361323fb8e6eabd204f97daf6cef11672d08db705300025b853662,raw/kaggle/test_pdfs/test_pdfs/j_0017.pdf,zhPE3uVOvVr8EdwxqzJ.bahrnaXTuYg.,uploaded,2026-09-01T23:30:50.583350+00:00
test_pdfs/test_pdfs/j_0018.pdf,916601,2026-04-16 12:17:14.631000,de44c84b915a052477fbba7bfb11c6345b320c505dff73e283388981b815f6fc,raw/kaggle/test_pdfs/test_pdfs/j_0018.pdf,cjIYW25q.XGCg_RkfcRMEmbx8J.RQlwr,uploaded,2026-09-01T23:30:52.208948+00:00
test_pdfs/test_pdfs/j_0019.pdf,1361677,2026-04-16 12:17:14.327000,4d1b252860ed4abbbec6da5d8035b628c5c81e9c9d90554261ce695e6437fe5a,raw/kaggle/test_pdfs/test_pdfs/j_0019.pdf,cLRYu0SeXx4YNrXzOIVb8RQam4yGIy0Q,uploaded,2026-09-01T23:30:54.617129+00:00
test_pdfs/test_pdfs/j_0020.pdf,908172,2026-04-16 12:17:13.285000,98ceb636a79de76c2eb9112f1dee1248be80059dde196198047e23743aac471a,raw/kaggle/test_pdfs/test_pdfs/j_0020.pdf,dW9LprBk1wbPUzJY1M69LZRj8k5ox01N,uploaded,2026-09-01T23:30:56.940798+00:00
test_pdfs/test_pdfs/j_0021.pdf,1315311,2026-04-16 12:17:13.525000,72bd805f47f2199fb806e190f8f83a1d3fc838ce93b65480016ae5f178d130aa,raw/kaggle/test_pdfs/test_pdfs/j_0021.pdf,YvpNLtTPZjnB53wEJJV3F2McgtLz0vIl,uploaded,2026-09-01T23:30:58.795151+00:00
test_pdfs/test_pdfs/j_0022.pdf,823185,2026-04-16 12:17:13.783000,b4cdf00f3e0326037a7ae45cc91984e0890c9f951a008a80c1937da8e8138d19,raw/kaggle/test_pdfs/test_pdfs/j_0022.pdf,Oqig1BT95AkHkkesNTMbVymCNOuXOnBI,uploaded,2026-09-01T23:31:00.826431+00:00
test_pdfs/test_pdfs/j_0023.pdf,674102,2026-04-16 12:17:13.564000,cf21071ef2fd3c524ae36e31a8edd9fbc2eec1bd854600e13897a6c09a5fc92e,raw/kaggle/test_pdfs/test_pdfs/j_0023.pdf,9aDPh4X1cA2_NZ2aTBQbPFKWyrpk2S7q,uploaded,2026-09-01T23:31:02.720129+00:00
test_pdfs/test_pdfs/j_0024.pdf,1252035,2026-04-16 12:17:14.663000,64cd1277b06f87c6dc8eabcc726c010a6bafe6dc2ba915fa2cc9d77d32874480,raw/kaggle/test_pdfs/test_pdfs/j_0024.pdf,3CTw3FOZJ0eyBMa4DqFSmQB4rYuLzlLt,uploaded,2026-09-01T23:31:04.988446+00:00
test_pdfs/test_pdfs/j_0025.pdf,1051929,2026-04-16 12:17:14.269000,aa84c5f5c03756e40e6a9e8b562b50c873179f42b27179791a3379e383b96a1e,raw/kaggle/test_pdfs/test_pdfs/j_0025.pdf,8CTfTRZQCkAecPkYQyK9xgZ4Xnia.hEE,uploaded,2026-09-01T23:31:06.683814+00:00
test_pdfs/test_pdfs/j_0026.pdf,4397198,2026-04-16 12:17:13.916000,ca497bf0427a7d70624d23c5aa400dfc15772f1e0c9118e9a5c04f1a46db1eb9,raw/kaggle/test_pdfs/test_pdfs/j_0026.pdf,.JJQS6LBeUJAbpg.61L1.fT9HMSGGuou,uploaded,2026-09-01T23:31:08.593560+00:00
test_pdfs/test_pdfs/j_0027.pdf,4836088,2026-04-16 12:17:14.304000,76047f8761af9f6d85c02df4934add9a92d70877bb1320a0c11018256b629235,raw/kaggle/test_pdfs/test_pdfs/j_0027.pdf,ynCDeL6i0K5im7aWcfDrZNIEMZWoxjI5,uploaded,2026-09-01T23:31:10.855473+00:00
test_pdfs/test_pdfs/j_0028.pdf,2370094,2026-04-16 12:17:15.225000,8e3ece1782b41126995ee1a36db4caa383a6c8e07547631dfbb1c4ce903969b3,raw/kaggle/test_pdfs/test_pdfs/j_0028.pdf,tvugWn2l6AQh3R.Yv_r4QMkHbscq0ZgH,uploaded,2026-09-01T23:31:12.838336+00:00
test_pdfs/test_pdfs/j_0029.pdf,8020116,2026-04-16 12:17:14.750000,d91a455e093492d482dc34eb61a2351fa9fc4b3ff7e7ae981328b185a84262da,raw/kaggle/test_pdfs/test_pdfs/j_0029.pdf,__QozxSBb0VX._vM1jToC2h1ZX8WWP_a,uploaded,2026-09-01T23:31:14.773118+00:00
test_pdfs/test_pdfs/j_0031.pdf,7234712,2026-04-16 12:17:14.389000,3b0879247889bccdc05ac1ffe5b9e4c0d0bf2dfdd9f566f417a10af64a8d557d,raw/kaggle/test_pdfs/test_pdfs/j_0031.pdf,TBAYX9J3.asj690HMMISSg01ODH9HrQV,uploaded,2026-09-01T23:31:16.546187+00:00
test_pdfs/test_pdfs/j_0032.pdf,1891042,2026-04-16 12:17:13.801000,c0f04af7b57c37afb8d1e0963433113379c61dce56ab158feb05844b14268bf1,raw/kaggle/test_pdfs/test_pdfs/j_0032.pdf,obXUx2IgBrxF9i.AguoiL_iW67tKxHSg,uploaded,2026-09-01T23:31:18.613318+00:00
test_pdfs/test_pdfs/j_0033.pdf,566925,2026-04-16 12:17:14.257000,280e34ad062aeccb87f85cf3ec0bafa2199762b1eb40894a0c14812f11ba9934,raw/kaggle/test_pdfs/test_pdfs/j_0033.pdf,TTkr2yFv0xNN_0j0YbspbIgNpamZR3ws,uploaded,2026-09-01T23:31:20.457113+00:00
test_pdfs/test_pdfs/j_0034.pdf,1133249,2026-04-16 12:17:13.411000,26546c930ac97427a08b6752c1bf366b4b2bddba3352e0e3699e847d3469ede7,raw/kaggle/test_pdfs/test_pdfs/j_0034.pdf,24GjRtw.1h99ummeJMDQ6K3O33U2uA5A,uploaded,2026-09-01T23:31:22.028364+00:00
test_pdfs/test_pdfs/j_0035.pdf,769017,2026-04-16 12:17:13.590000,07cc09dc139a7b7f09d08ad8ae527fa06510df634d7d5a30188fee97dd9653c0,raw/kaggle/test_pdfs/test_pdfs/j_0035.pdf,k_rpv5bRzJt3WOEM8Lh6Nq5MK_axMxxt,uploaded,2026-09-01T23:31:24.000921+00:00
test_pdfs/test_pdfs/j_0036.pdf,355614,2026-04-16 12:17:13.765000,108118f1a0da08e8c7683633d7e48178439b4d7fb7d9e674c1cc406b6045c17c,raw/kaggle/test_pdfs/test_pdfs/j_0036.pdf,_Tvi4w0oQZQUTQCsWmiYDgdE.HVVZ2oc,uploaded,2026-09-01T23:31:25.666219+00:00
test_pdfs/test_pdfs/j_0037.pdf,3614722,2026-04-16 12:17:13.597000,534c654867d787a7e4327916c27c64882cf0a8dc8fda7d3a61f6f929f55bbe64,raw/kaggle/test_pdfs/test_pdfs/j_0037.pdf,9uxCeEjLtcG8dAXD32HCPHuC8NabQ_nN,uploaded,2026-09-01T23:31:27.628178+00:00
test_pdfs/test_pdfs/j_0038.pdf,351278,2026-04-16 12:17:15.468000,aa810cda26eeb5c7cf1e078178fb0ae169ec77e5bbe6f4b733704e450a45e793,raw/kaggle/test_pdfs/test_pdfs/j_0038.pdf,2nqyd.JcGNBIZNSnfza6NV4cNM8cJeCi,uploaded,2026-09-01T23:31:29.560161+00:00
test_pdfs/test_pdfs/j_0039.pdf,1630697,2026-04-16 12:17:15.844000,af3e4aeeb3839bee8e6fe2ba2e578927f3612419cd6555f55b91d62851f38d41,raw/kaggle/test_pdfs/test_pdfs/j_0039.pdf,xSXzJ3pSFEAthLWa5enAvkPfnzxuHA4K,uploaded,2026-09-01T23:31:31.578897+00:00
test_pdfs/test_pdfs/j_0040.pdf,511512,2026-04-16 12:17:11.499000,902be8de7600b7468a0a78279756d3dd410d287b956a6c7721b65c7a268fbf6f,raw/kaggle/test_pdfs/test_pdfs/j_0040.pdf,vhFodjK9jyjIUlMp5YVQYKnwmFJYB_7p,uploaded,2026-09-01T23:31:33.502313+00:00
test_pdfs/test_pdfs/j_0041.pdf,1600058,2026-04-16 12:17:11.981000,538f081969e9abbe1a416d7953ad891de56949c90cd9f9b762dd1f473a612021,raw/kaggle/test_pdfs/test_pdfs/j_0041.pdf,eEZAmClYARtln.K4_OmO2e9LSVOzRKkl,uploaded,2026-09-01T23:31:35.357033+00:00
test_pdfs/test_pdfs/j_0042.pdf,651581,2026-04-16 12:17:11.337000,a8118270dbf075f4b8df942db2fc53ee4f8c06b3178fab3ec4b8077f001d3724,raw/kaggle/test_pdfs/test_pdfs/j_0042.pdf,LkS2F8enEOcgadR6tVfRg6EFavsk9U8r,uploaded,2026-09-01T23:31:37.222071+00:00
test_pdfs/test_pdfs/j_0043.pdf,675001,2026-04-16 12:17:11.321000,4dd5ef024847f45818a2d5c29ae4eff2af0a1b469ae1f9daa644e292d1680577,raw/kaggle/test_pdfs/test_pdfs/j_0043.pdf,Cv28_wRzDCRIyPzd4vweAEzHd7144Ddb,uploaded,2026-09-01T23:31:38.871063+00:00
test_pdfs/test_pdfs/j_0044.pdf,1040797,2026-04-16 12:17:12.532000,9429b1b1659d12ec63f106f2067fa7afbc3dab5a24eebc3409226968acde4c36,raw/kaggle/test_pdfs/test_pdfs/j_0044.pdf,Y9jPwiF3ZpOH3dfcuD63kQafWeOkVbEL,uploaded,2026-09-01T23:31:40.827125+00:00
test_pdfs/test_pdfs/j_0045.pdf,598857,2026-04-16 12:17:12.187000,2e6b33d5465c5d4254888611abdd3b901589cb49bace299e213c72cf5cc234db,raw/kaggle/test_pdfs/test_pdfs/j_0045.pdf,Z9Q7Zc.PuIVVmtXJdRDPLYz4DNQGrb9i,uploaded,2026-09-01T23:31:42.405431+00:00
test_pdfs/test_pdfs/j_0046.pdf,323174,2026-04-16 12:17:12.606000,e8150f8a800738c447da686120878579e24b430bd22cc6e30a4118a4f2dc0b7b,raw/kaggle/test_pdfs/test_pdfs/j_0046.pdf,23GWiljmp.PcihsnqwTUaM_Z1rhnJSxS,uploaded,2026-09-01T23:31:43.812920+00:00
test_pdfs/test_pdfs/j_0047.pdf,153228,2026-04-16 12:17:13.162000,2f8ac7db6a743252cb63a633f37f26daf28c97e3ada6469f5af7ec7d447e8e02,raw/kaggle/test_pdfs/test_pdfs/j_0047.pdf,ZNp8an6vHbZHxHMqJtTdv8cfhMr5BVTM,uploaded,2026-09-01T23:31:45.414906+00:00
test_pdfs/test_pdfs/j_0048.pdf,1495305,2026-04-16 12:17:17.006000,aa219729b9e3d10183fcd6b1cb793efe0749cc5a98aae210d523c6755cbe337b,raw/kaggle/test_pdfs/test_pdfs/j_0048.pdf,U47V0he7aHKDfnMKr4ttqOcjVPDp0Mw9,uploaded,2026-09-01T23:31:47.066169+00:00
test_pdfs/test_pdfs/j_0049.pdf,574535,2026-04-16 12:17:16.383000,d0f6f099bbda4c3d44cfbd01e4e6a0436f538ede586676b438b1695ebd6a805d,raw/kaggle/test_pdfs/test_pdfs/j_0049.pdf,nFCvx0OJXzG.ZZHyeqDb.4hzwMtBDi92,uploaded,2026-09-01T23:31:48.571728+00:00
test_pdfs/test_pdfs/j_0050.pdf,1142787,2026-04-16 12:17:12.525000,4fbefc06539a74aa0761d734fd27eb265e37b0ff9af15c3775caa55d2ecb3d69,raw/kaggle/test_pdfs/test_pdfs/j_0050.pdf,A.wt3._zr2VKJ2V2yqvcFV12gU3ia.mR,uploaded,2026-09-01T23:31:50.345631+00:00
test_pdfs/test_pdfs/j_0051.pdf,204837,2026-04-16 12:17:12.169000,187094c39187c6657366ed824dcaa3005d4ecd3850ccff5ad784d4bbdaf4550b,raw/kaggle/test_pdfs/test_pdfs/j_0051.pdf,T4vlQ51j_gYQU3zJHFhEe.8L5oytAJ0d,uploaded,2026-09-01T23:31:51.982849+00:00
test_pdfs/test_pdfs/j_0052.pdf,787473,2026-04-16 12:17:12.627000,2c0e4b7a01da3e3a2145a001c61a874fe3f55fd76f98f43701423db5889f64dc,raw/kaggle/test_pdfs/test_pdfs/j_0052.pdf,EsUTAfE.3ZbnWQiP7_M7TITcTLSofGLx,uploaded,2026-09-01T23:31:53.733610+00:00
test_pdfs/test_pdfs/j_0053.pdf,24676895,2026-04-16 12:17:13.610000,5f69b7000d06de9fa6656112d388c31b33c9449cd441ae2c7716499fe9632e65,raw/kaggle/test_pdfs/test_pdfs/j_0053.pdf,CQ4zXpzbKD16Gy_2Tvtvpd0oRjUPgYN6,uploaded,2026-09-01T23:31:55.940551+00:00
test_pdfs/test_pdfs/j_0054.pdf,500420,2026-04-16 12:17:11.497000,a67387093097818e64430df74f002a8718cb19d1bd7880866e646f4249d7fa32,raw/kaggle/test_pdfs/test_pdfs/j_0054.pdf,LpTlsJzUnbamANeiReA3Binxk7rUbo00,uploaded,2026-09-01T23:31:57.694090+00:00
test_pdfs/test_pdfs/j_0055.pdf,2935054,2026-04-16 12:17:12.036000,786fb8c782799c87f84c037abfe5705a00026968c5b299992b6962c7252093b7,raw/kaggle/test_pdfs/test_pdfs/j_0055.pdf,DHy8PLgu.QUCKuhfn.cuDCe2_wCOnkQo,uploaded,2026-09-01T23:31:59.565285+00:00
test_pdfs/test_pdfs/j_0056.pdf,485991,2026-04-16 12:17:11.318000,a043938289d050ec53df9ac0659e78f6ccaeabd468f5857e69f262dc86a2e4f1,raw/kaggle/test_pdfs/test_pdfs/j_0056.pdf,VRk9NEjeZx36DfeTVM8WSwAO9roEakO6,uploaded,2026-09-01T23:32:01.141638+00:00
test_pdfs/test_pdfs/j_0059.pdf,331378,2026-04-16 12:17:17.732000,76d5da7521d8bf4032aea618300084b91a212952efa2401bb9e692ce30677e4b,raw/kaggle/test_pdfs/test_pdfs/j_0059.pdf,mCBbOBk6VL339kgEjK9VEvvQoi7jZVHn,uploaded,2026-09-01T23:32:02.725614+00:00
test_pdfs/test_pdfs/j_0061.pdf,1315937,2026-04-16 12:17:16.410000,92517b966762302a281d8f865b9d2682627d7f730de7e30f395914e7107c348f,raw/kaggle/test_pdfs/test_pdfs/j_0061.pdf,v9n2Vw8jpLM97TcE.3ftf7_IANIbHiIE,uploaded,2026-09-01T23:32:04.332047+00:00
test_pdfs/test_pdfs/j_0062.pdf,4204457,2026-04-16 12:17:16.001000,cc3d7ef04d7b081eec5bb63914d1396525b53bb53a60e256d9509e428375243e,raw/kaggle/test_pdfs/test_pdfs/j_0062.pdf,MnxnR3jG3.V80EnyrK10TjJqshRZW8Bl,uploaded,2026-09-01T23:32:06.050653+00:00
test_pdfs/test_pdfs/j_0063.pdf,705303,2026-04-16 12:17:16.377000,e5622b978742b1d1be750d45f035bb77aa6fdf1f3cb2fa8f442d128c4e7da87e,raw/kaggle/test_pdfs/test_pdfs/j_0063.pdf,DCMpc_BlHWzGAtbG9OZO7SFLokwsXDll,uploaded,2026-09-01T23:32:07.478724+00:00
test_pdfs/test_pdfs/j_0064.pdf,3063920,2026-04-16 12:17:17.095000,80a4cf0c9759a0050807533f369ae8af523186e37721f4cb9888d229053bad1c,raw/kaggle/test_pdfs/test_pdfs/j_0064.pdf,fD7lUMFHuzDJ4eM5gjzir8EobhOQ8o0q,uploaded,2026-09-01T23:32:09.388563+00:00
test_pdfs/test_pdfs/j_0065.pdf,981431,2026-04-16 12:17:17.741000,e3124e57a25cd36118b733c78cceb8d4baca3d144519a19fc2728d939177c7f0,raw/kaggle/test_pdfs/test_pdfs/j_0065.pdf,ed0dhuo3VRFXY3AZeVBO2gqAQkot9Vqu,uploaded,2026-09-01T23:32:11.452165+00:00
test_pdfs/test_pdfs/j_0066.pdf,5658802,2026-04-16 12:17:18.699000,61e852bb180144e196f1767b598dc88ec03f9a5236dc1d6cae49cacefc9fb399,raw/kaggle/test_pdfs/test_pdfs/j_0066.pdf,ERcQr2lYaQ7sN33KRBsZA9PlfMa6LwR7,uploaded,2026-09-01T23:32:13.486023+00:00
test_pdfs/test_pdfs/j_0067.pdf,80091,2026-04-16 12:17:17.779000,4a2c913d9bba82d1b82a50d0e5c79deb40ecc36258a074f2d501d6089bbcb1f9,raw/kaggle/test_pdfs/test_pdfs/j_0067.pdf,srYF5_g9zbGThSVgir8NqxtrjpXj5kLy,uploaded,2026-09-01T23:32:14.840303+00:00
test_pdfs/test_pdfs/j_0068.pdf,341842,2026-04-16 12:17:11.559000,694b085393b8c8878f0ee8a6085300bec609a40f3788fcfa8c70155055349731,raw/kaggle/test_pdfs/test_pdfs/j_0068.pdf,knhB2Oi2u9mpnR_CZei0JG4Pj6yK_Eai,uploaded,2026-09-01T23:32:16.543216+00:00
test_pdfs/test_pdfs/j_0070.pdf,10394149,2026-04-16 12:17:17.111000,dec246eeee0971405741e0da5d0f56fd5442d987ded4616d827ef6396607a485,raw/kaggle/test_pdfs/test_pdfs/j_0070.pdf,rljr1D5_WkWoXMV8Yqziog.p8ZyIwTON,uploaded,2026-09-01T23:32:18.882933+00:00
test_pdfs/test_pdfs/j_0071.pdf,663982,2026-04-16 12:17:17.747000,ec0cfde9e8c515c9bf6fb7941662dc3874e488032256f5c5be0c944eb78eba52,raw/kaggle/test_pdfs/test_pdfs/j_0071.pdf,ejCIpQtLf9rm4GHZnMJz0PZhpXb1RPiK,uploaded,2026-09-01T23:32:20.328166+00:00
test_pdfs/test_pdfs/j_0072.pdf,3586725,2026-04-16 12:17:18.644000,3e41ce772c02e4681777890ec70e7d00d56fd98b8b7b00347e4fe9caedaf6e92,raw/kaggle/test_pdfs/test_pdfs/j_0072.pdf,G_WNFS6cPn4pVPuFG19nujI8bUxohCa2,uploaded,2026-09-01T23:32:22.142708+00:00
test_pdfs/test_pdfs/j_0073.pdf,4394952,2026-04-16 12:17:17.855000,aad4ffe4f39e2170903ad6869b9659bf808395655ba59e3071b3635b150ead65,raw/kaggle/test_pdfs/test_pdfs/j_0073.pdf,wrVT83_dcwJ5OeuzspicFcwLAaTmbCBu,uploaded,2026-09-01T23:32:23.754436+00:00
test_pdfs/test_pdfs/j_0074.pdf,6128184,2026-04-16 12:17:17.022000,e31d9cf25c32650fd7c396c6d6b53be830ae56f3bb2ac6ad723cc86e5f927542,raw/kaggle/test_pdfs/test_pdfs/j_0074.pdf,iXdkHTlGIZCfD4VmeTDG6xJUAJrRMFfS,uploaded,2026-09-01T23:32:25.666137+00:00
test_pdfs/test_pdfs/j_0075.pdf,184011,2026-04-16 12:17:16.383000,db7ae30748ad313761558d4046253354fc4f716ed26a31c822fa49b990aab364,raw/kaggle/test_pdfs/test_pdfs/j_0075.pdf,ZEbqoWNnZR1ZEizq.p6A7fQ7Y7zZFhU4,uploaded,2026-09-01T23:32:27.217977+00:00
test_pdfs/test_pdfs/j_0076.pdf,151242,2026-04-16 12:17:15.944000,16723fe209c5a7253baf53a39cfa6ee0db98db8e366519055e36d831c32ad63d,raw/kaggle/test_pdfs/test_pdfs/j_0076.pdf,8ZhRHZ3YQ9WCNNlhueZtKO7F7NmS_osQ,uploaded,2026-09-01T23:32:28.692969+00:00
test_pdfs/test_pdfs/j_0077.pdf,465959,2026-04-16 12:17:16.386000,3c82a064aa7fdb3e9381b0f993439746cc5124cbcb1140cc7fb891e316235b3c,raw/kaggle/test_pdfs/test_pdfs/j_0077.pdf,AJkVaIc.1M6J_rLdvnInzsSHzlWkaJsG,uploaded,2026-09-01T23:32:30.473475+00:00
test_pdfs/test_pdfs/j_0078.pdf,12295326,2026-04-16 12:17:12.753000,b4a706a55f29044806f4d1d2fd57483dc3b4aa48eedc2d272098a707f0383cb0,raw/kaggle/test_pdfs/test_pdfs/j_0078.pdf,DOoCmgiS_JBdIzU60bFdgczhdk0mlGOy,uploaded,2026-09-01T23:32:32.886551+00:00
test_pdfs/test_pdfs/j_0079.pdf,1331066,2026-04-16 12:17:12.225000,353630788ea2fc39221b2a4fd6fbe14daf6188fb9edd64e1a4e6b1af0ec5ccb9,raw/kaggle/test_pdfs/test_pdfs/j_0079.pdf,owEK1lCSI4R.BDbSZMuaGag_EVkNCHjc,uploaded,2026-09-01T23:32:34.584215+00:00
test_pdfs/test_pdfs/j_0080.pdf,1444906,2026-04-16 12:17:11.105000,bb15c6877aaa584eddc8b2160f752e52f146bc4a4f9ddfc4669cfc49eae39eaf,raw/kaggle/test_pdfs/test_pdfs/j_0080.pdf,cQSxvzTDKOLG8kFeHLAVjMuFOEqDP28S,uploaded,2026-09-01T23:32:36.079938+00:00
test_pdfs/test_pdfs/j_0081.pdf,356046,2026-04-16 12:17:11.378000,820136905bd2f9868e381079c341e91f0ffd20382930ae94a4f4eb16b69cb3e4,raw/kaggle/test_pdfs/test_pdfs/j_0081.pdf,q7Fa0jovznEWMhm06OlugALvpd_RZErr,uploaded,2026-09-01T23:32:37.478488+00:00
test_pdfs/test_pdfs/j_0083.pdf,488540,2026-04-16 12:17:11.496000,85f8ca6a05831ae4e2f86de5560c2b63b2ee0d9d89d98305db397899dc2ad28f,raw/kaggle/test_pdfs/test_pdfs/j_0083.pdf,KOarZuxCN07883GJ3P_.59H1wubDaJZ5,uploaded,2026-09-01T23:32:39.121358+00:00
test_pdfs/test_pdfs/j_0084.pdf,283565,2026-04-16 12:17:13.229000,5b169539ab611ab5bae2f617e14ee9571da904b75cbf941a61d3b1b83fdc2fa8,raw/kaggle/test_pdfs/test_pdfs/j_0084.pdf,fA8ngbdopLEr1BbvXNSTjYeyPcgUxeJt,uploaded,2026-09-01T23:32:40.809186+00:00
test_pdfs/test_pdfs/j_0085.pdf,565802,2026-04-16 12:17:12.580000,8b63d143c28cafa77e8c078d1fdeab3a4b235007da38f3dbed99cfc590fbb229,raw/kaggle/test_pdfs/test_pdfs/j_0085.pdf,ijBRfI94rs3VfeCCs7ubkNYsxqLQ6iQW,uploaded,2026-09-01T23:32:42.547095+00:00
test_pdfs/test_pdfs/j_0086.pdf,253540,2026-04-16 12:17:12.170000,16c5be4742d925a4451f088e8776c46d95d56504392242fc25be04b0a27b28e3,raw/kaggle/test_pdfs/test_pdfs/j_0086.pdf,gn5ppv8jvjdm1Ala1AdM_bJttyZ3OBYK,uploaded,2026-09-01T23:32:44.149409+00:00
test_pdfs/test_pdfs/j_0087.pdf,1448421,2026-04-16 12:17:12.536000,b05ddb38aee83dc362bdd01074bbc25cf2802d9dc4bd15b62611964cccfa3afe,raw/kaggle/test_pdfs/test_pdfs/j_0087.pdf,vD0_e06poI2KJmDKKpQGzXHgQxoZcg36,uploaded,2026-09-01T23:32:45.817178+00:00
test_pdfs/test_pdfs/j_0088.pdf,633058,2026-04-16 12:17:16.424000,e384896b7469219da521545e1b712eda9f307b93793174e2e3e6b5627a87cc36,raw/kaggle/test_pdfs/test_pdfs/j_0088.pdf,Nlydyq9hvVa.JThYpbJh2sHqZ2QWglf8,uploaded,2026-09-01T23:32:47.318010+00:00
test_pdfs/test_pdfs/j_0089.pdf,9521661,2026-04-16 12:17:16.101000,fd625073933ce36a8c54722c20149bd7333caa9eaed150e1c2dd3094bbc3bf3d,raw/kaggle/test_pdfs/test_pdfs/j_0089.pdf,fN4lOosd58fIFwK1LrwtgXNX6XDBbCHq,uploaded,2026-09-01T23:32:49.427227+00:00
test_pdfs/test_pdfs/j_0090.pdf,10440422,2026-04-16 12:17:13.346000,a015fea03b827c78c7e3715c27dcf46b80452d74353f043d98f729516a72a4a3,raw/kaggle/test_pdfs/test_pdfs/j_0090.pdf,tb4vWd6dRRjuQ9UZaHS9Xk_J1u7NzH8t,uploaded,2026-09-01T23:32:51.733921+00:00
test_pdfs/test_pdfs/j_0091.pdf,4083203,2026-04-16 12:17:12.649000,c66629a32d506db6ae6c5af37d4abb30a448f7f71237fa1894c7ba6bfdbadfea,raw/kaggle/test_pdfs/test_pdfs/j_0091.pdf,nFwOG9a41JdnP3.HvyJTiDuZzCw5qIyP,uploaded,2026-09-01T23:32:53.498120+00:00
test_pdfs/test_pdfs/j_0092.pdf,23991747,2026-04-16 12:17:12.637000,cdef636aac45dd66b76bbdcaddd6d52eb4541e918aa617311e33702c4f1453e6,raw/kaggle/test_pdfs/test_pdfs/j_0092.pdf,TBe5reH_agiWiEXTJ58lNGKE3ILCss5.,uploaded,2026-09-01T23:32:55.861530+00:00
test_pdfs/test_pdfs/j_0093.pdf,5423916,2026-04-16 12:17:12.610000,5c4df6c2324fe2ac88f735af201bc49f47f88b5718e5cdd17e97391d6efc1a2f,raw/kaggle/test_pdfs/test_pdfs/j_0093.pdf,SYISMYokPZZv0P9gyH9G8eu7Uzwgqq6H,uploaded,2026-09-01T23:32:57.475212+00:00
test_pdfs/test_pdfs/j_0094.pdf,7509000,2026-04-16 12:17:11.239000,4f960c52603c4c549863c457b09a58283d27215a33bb3f2b5245b94a0a0cf7b2,raw/kaggle/test_pdfs/test_pdfs/j_0094.pdf,6pIf.UA0xdfpyhEmUw7XdwMDX11By1.j,uploaded,2026-09-01T23:32:59.650518+00:00
test_pdfs/test_pdfs/j_0095.pdf,8243579,2026-04-16 12:17:11.429000,856482464c9b2d7d0411c9cd89c487649ad64ff97061749443112148ca8a54a0,raw/kaggle/test_pdfs/test_pdfs/j_0095.pdf,ciqNWD50qm3_vlL.QNX_Yux4xEGEf7da,uploaded,2026-09-01T23:33:01.283522+00:00
test_pdfs/test_pdfs/j_0096.pdf,1438354,2026-04-16 12:17:12.080000,db2a24c10a538c676d7e6b134d9ff20eedc03c76fc97df834d2406071e08891c,raw/kaggle/test_pdfs/test_pdfs/j_0096.pdf,JEI.SbYOCDWvZKVDUwRDSAbu5vrUQxgy,uploaded,2026-09-01T23:33:03.039599+00:00
test_pdfs/test_pdfs/j_0097.pdf,29241440,2026-04-16 12:17:11.951000,f106a02813288a351cfd99411c30a1a3c088d5af3a8e7184c4217a748fcec126,raw/kaggle/test_pdfs/test_pdfs/j_0097.pdf,ivMMSD6EVCO4SmQtfgR5ClJd7xvlMXDA,uploaded,2026-09-01T23:33:05.804284+00:00
test_pdfs/test_pdfs/j_0098.pdf,6915316,2026-04-16 12:17:17.839000,a83aab9994ae6954c42a2c32cb73dc3f487bb32998c3d42c319e39c15a4f765d,raw/kaggle/test_pdfs/test_pdfs/j_0098.pdf,o2mdyay.fJW2M3ktxMkg.r3zk1AgYqJU,uploaded,2026-09-01T23:33:07.734113+00:00
test_pdfs/test_pdfs/j_0099.pdf,2910316,2026-04-16 12:17:18.687000,2eab23116055c4d1b3999fd7c85020eac7daa4f022754b6a6feb236f96ef2e2d,raw/kaggle/test_pdfs/test_pdfs/j_0099.pdf,N.tJq95u0U9GHezG23jyr29PhydVNVxP,uploaded,2026-09-01T23:33:09.306527+00:00
test_pdfs/test_pdfs/j_0100.pdf,49539,2026-04-16 12:17:16.900000,86e07ed1cd6082ec4c98b763e011546bb83f19b87653e53ee8b8b2c5b53dffd3,raw/kaggle/test_pdfs/test_pdfs/j_0100.pdf,pT1VP2mvN8OeZUIutmpOFmFXiZ8tZFR1,uploaded,2026-09-01T23:33:10.566162+00:00
test_pdfs/test_pdfs/j_0101.pdf,920633,2026-04-16 12:17:16.430000,23ce82e30f17fd2894daa5803e65a4d25fe43da4e247a51c7e1c95b28dd92747,raw/kaggle/test_pdfs/test_pdfs/j_0101.pdf,XQIx3UTCAiSpcDMQqR.rgrmS7ARLP.NY,uploaded,2026-09-01T23:33:12.572541+00:00
test_pdfs/test_pdfs/j_0102.pdf,245459,2026-04-16 12:17:16.279000,5715fed7e53b47508cf7037625385d32923ed2597bcc1542c95a8a8f911c305b,raw/kaggle/test_pdfs/test_pdfs/j_0102.pdf,Ai5xVUOhRfmCChj.DaYdQrLHSTRvKf3L,uploaded,2026-09-01T23:33:14.028633+00:00
test_pdfs/test_pdfs/j_0103.pdf,3555005,2026-04-16 12:17:16.359000,9dadd7e9928224af97899f28372419b2264720b8c106e5322952df6d60851334,raw/kaggle/test_pdfs/test_pdfs/j_0103.pdf,kqLc1Fqarlja9.VCC2yjzacPmA3HiQoI,uploaded,2026-09-01T23:33:16.537569+00:00
test_pdfs/test_pdfs/j_0104.pdf,2531501,2026-04-16 12:17:17.125000,75c3fc882c900be3e259abd4520d62c8f7f5c4792622abbc3c14a708a4f1e9b7,raw/kaggle/test_pdfs/test_pdfs/j_0104.pdf,sPwTRPU2voKxe64BzcIz5UIXOArji6qf,uploaded,2026-09-01T23:33:18.384726+00:00
test_pdfs/test_pdfs/j_0105.pdf,51979328,2026-04-16 12:17:18.546000,ff8267effde2f03a1858309e7d4ab09a0550e05d68c5256f640f78cb57c6ed94,raw/kaggle/test_pdfs/test_pdfs/j_0105.pdf,7i5ITypJXG8RX74WoDyacmUXaMk1jCt9,uploaded,2026-09-01T23:33:21.988888+00:00
test_pdfs/test_pdfs/j_0106.pdf,744656,2026-04-16 12:17:18.037000,beb6e53808bd361ddf47ad17e6d12a70511dbec8d815a013628c29e325fe5db5,raw/kaggle/test_pdfs/test_pdfs/j_0106.pdf,I00sFTyU1.kQe79JSs86o6QNJyGnTv4e,uploaded,2026-09-01T23:33:24.254544+00:00
test_pdfs/test_pdfs/j_0107.pdf,7523412,2026-04-16 12:17:18.091000,939dc5dcf3fd06a59355cb7b3ef8ad7c30ba859682544a5fded04bd1ed599fe9,raw/kaggle/test_pdfs/test_pdfs/j_0107.pdf,AGsJfdcRcyY9YQnDBIGePB2A5rKSHeSl,uploaded,2026-09-01T23:33:26.420763+00:00
test_pdfs/test_pdfs/j_0108.pdf,9696741,2026-04-16 12:17:11.824000,52d516fd3ab18b1ebdb95a14911d85f553e1e1bd2e6b910e18d924a6c845a100,raw/kaggle/test_pdfs/test_pdfs/j_0108.pdf,SMrIvVgys6AzqOrNvKVvbg_fduLNl.mv,uploaded,2026-09-01T23:33:28.360784+00:00
test_pdfs/test_pdfs/j_0109.pdf,862598,2026-04-16 12:17:11.862000,f2ec5ebac541a865f5cfa3a120adeef7e8fffef5c9c7e21583f33ba930edb421,raw/kaggle/test_pdfs/test_pdfs/j_0109.pdf,Fcr.oLfk6W97tI3D3hHpN3v.GQpKkTUi,uploaded,2026-09-01T23:33:30.216936+00:00
test_pdfs/test_pdfs/j_0110.pdf,529336,2026-04-16 12:17:17.096000,aaf170a97485cad8027190f3cbeabf53490376036dfa915efabf9e8b54a5bda7,raw/kaggle/test_pdfs/test_pdfs/j_0110.pdf,p.gKr9LA7ShG_e_lgCtcOgKtenBV1azW,uploaded,2026-09-01T23:33:31.796169+00:00
test_pdfs/test_pdfs/j_0111.pdf,10913009,2026-04-16 12:17:17.732000,9cd3d030f78f7eab220fe2111adac492bd9240938a503e65a4498c437bccf717,raw/kaggle/test_pdfs/test_pdfs/j_0111.pdf,XflaFAeB8KTskmyJ2P.ekedIItUQ7FsB,uploaded,2026-09-01T23:33:34.006120+00:00
test_pdfs/test_pdfs/j_0112.pdf,149146785,2026-04-16 12:17:21.384000,ce07ddce4945ca9a6c14e863e50343d3b455dcd63c141a0e28d23bfc7f47b976,raw/kaggle/test_pdfs/test_pdfs/j_0112.pdf,q77u.rkWbTSIwTSqwpyYSLRh1KH_sqis,uploaded,2026-09-01T23:33:39.758571+00:00
test_pdfs/test_pdfs/j_0113.pdf,5531185,2026-04-16 12:17:17.987000,268bf534a1786d06c4423f419d250f6a126a6a003012689b7755d52afb475928,raw/kaggle/test_pdfs/test_pdfs/j_0113.pdf,ZvmrqgorHB6PMn6_zu22ev0eRvBwrcbl,uploaded,2026-09-01T23:33:42.015792+00:00
test_pdfs/test_pdfs/j_0114.pdf,8212859,2026-04-16 12:17:17.007000,7ace5a64da4368863e9afcc6c51ef45af8cc066f88a3f2fb6c511e2a07d83fe8,raw/kaggle/test_pdfs/test_pdfs/j_0114.pdf,R2oNRZ3wIQoUcP19YEzFCfmW480x.7He,uploaded,2026-09-01T23:33:44.149350+00:00
test_pdfs/test_pdfs/j_0115.pdf,43296757,2026-04-16 12:17:17.939000,c3664d0c104f8dcab1d6b2afe605415bba4848c1c72cacd99978a1d9a11ee7b9,raw/kaggle/test_pdfs/test_pdfs/j_0115.pdf,rD04KeUqr6WS7ELxakoEA7PDUdy4t1rL,uploaded,2026-09-01T23:33:47.477390+00:00
test_pdfs/test_pdfs/j_0116.pdf,23190492,2026-04-16 12:17:16.759000,cba8ae2a0bd24bc30d4d5edbe771d21bffffbf04adb424a0e9ef930600ce15f7,raw/kaggle/test_pdfs/test_pdfs/j_0116.pdf,0pzER7rnALUo2yKJEIk7h84zjBHeYqJq,uploaded,2026-09-01T23:33:49.954090+00:00
test_pdfs/test_pdfs/j_0117.pdf,5182935,2026-04-16 12:17:16.443000,24ddb68510197dae335e50a0057ffe55d83ba9059447b3e93634120e74d064a6,raw/kaggle/test_pdfs/test_pdfs/j_0117.pdf,VuORRAO3pfHCyU_vjw_v1y6Az_qeUM7v,uploaded,2026-09-01T23:33:51.930337+00:00
test_pdfs/test_pdfs/j_0118.pdf,12541249,2026-04-16 12:17:12.619000,8abf4025daaeff8de8351d15903f35b15d3e0939a0d822aa4458b73bd51939e9,raw/kaggle/test_pdfs/test_pdfs/j_0118.pdf,0xedSxUGWYjIeKIHADBfdgmINMneriIY,uploaded,2026-09-01T23:33:54.054180+00:00
test_pdfs/test_pdfs/j_0119.pdf,1351547,2026-04-16 12:17:12.255000,1e3ae4c4acb50e1afc16928c8c5012760d873c35deb7a7a06a4509b83f12651e,raw/kaggle/test_pdfs/test_pdfs/j_0119.pdf,.xuIKqiGpxyZzeD6d5LbAFrFG2ZFAb.j,uploaded,2026-09-01T23:33:55.672434+00:00
test_pdfs/test_pdfs/j_0121.pdf,12900289,2026-04-16 12:17:12.103000,23fd53d57134d629bd6cc351335e6b431fd919363f234743574f82ed80dc3d28,raw/kaggle/test_pdfs/test_pdfs/j_0121.pdf,1k75wSD9wG14AWhEcarZ9RrwOIHhPAgc,uploaded,2026-09-01T23:33:57.908644+00:00
test_pdfs/test_pdfs/j_0123.pdf,722955,2026-04-16 12:17:11.319000,8a406440be2f7222caf0c66f420355869a96c21bab7eb3e848f679019f7c274c,raw/kaggle/test_pdfs/test_pdfs/j_0123.pdf,nRDvafdmXCrD3dGJWLeeIPqNNT8Qscsw,uploaded,2026-09-01T23:34:00.197177+00:00
test_pdfs/test_pdfs/j_0126.pdf,16753290,2026-04-16 12:17:13.080000,d66e1333684420f0855b3dd633a446221f0ea2931ddfc66322449c67c2f674cc,raw/kaggle/test_pdfs/test_pdfs/j_0126.pdf,a0x7fBwgJKWmwGqjJJ7Cc8cZBaYBOObi,uploaded,2026-09-01T23:34:02.630317+00:00
test_pdfs/test_pdfs/j_0127.pdf,8133070,2026-04-16 12:17:12.947000,97d0039db50691cd404f48e8a903299dec03b600d39f2fe7708d44a15143bc06,raw/kaggle/test_pdfs/test_pdfs/j_0127.pdf,UKEuL5_csGJRu2VCsd5UmHtvi9Z..4_O,uploaded,2026-09-01T23:34:04.829877+00:00
test_pdfs/test_pdfs/j_0128.pdf,12653879,2026-04-16 12:17:17.185000,664d452733358087f0dacdc08bca99aeaca622ded8c3151ce403adc7a23b23b9,raw/kaggle/test_pdfs/test_pdfs/j_0128.pdf,1372wSVMmpWatUMNU3qal4DcyBwWKfnT,uploaded,2026-09-01T23:34:07.613932+00:00
test_pdfs/test_pdfs/j_0129.pdf,441486,2026-04-16 12:17:16.433000,076dfbb3fba77aa9bc83155508c84faaf7bf2f550737be0017dee931f9312bed,raw/kaggle/test_pdfs/test_pdfs/j_0129.pdf,rbELmm_lZdB_WV0Ev06IVtgvJejDiqns,uploaded,2026-09-01T23:34:09.361349+00:00
test_pdfs/test_pdfs/j_0130.pdf,522304,2026-04-16 12:17:12.382000,cdc41705d8c8becf0fd5618b3b87e52539b03a439c37ca69b4c83f8a993b27d8,raw/kaggle/test_pdfs/test_pdfs/j_0130.pdf,UzgVhBzRgpE8yqGt78cTdWAmOhh5Jb27,uploaded,2026-09-01T23:34:11.118896+00:00
test_pdfs/test_pdfs/j_0131.pdf,3225698,2026-04-16 12:17:12.342000,6576895bdc02fc74f25966771733c4b0c544c93f11ac8c9d0e6cceca44a677e9,raw/kaggle/test_pdfs/test_pdfs/j_0131.pdf,6wnzOT0DBX70chjR4EiUtIqAvAEVqhnw,uploaded,2026-09-01T23:34:13.302216+00:00
test_pdfs/test_pdfs/j_0132.pdf,3336341,2026-04-16 12:17:12.695000,b89954ec0d2b71311627864151f8cbc85e83554588bba9994f7636e66039310a,raw/kaggle/test_pdfs/test_pdfs/j_0132.pdf,pjvPfDS85tE8dQau20IKKQA6xj7PfuXR,uploaded,2026-09-01T23:34:15.139211+00:00
test_pdfs/test_pdfs/j_0133.pdf,1116895,2026-04-16 12:17:12.873000,6b733c63628c05a6a5a4c4d47aa466d130cbe332efc52fd9d1c4f9f94a4bd00a,raw/kaggle/test_pdfs/test_pdfs/j_0133.pdf,ITtjsK1gAaPccTgcdHSdw.l4PofnbqMR,uploaded,2026-09-01T23:34:16.728980+00:00
test_pdfs/test_pdfs/j_0134.pdf,1459149,2026-04-16 12:17:11.720000,03efb42ece98d2423c68cf2c79ba986a99db6c4a3d531aae9033f1bc16722ea4,raw/kaggle/test_pdfs/test_pdfs/j_0134.pdf,iH1NN9o1YwtxIdxMzBcbdyzCVD7sWy1_,uploaded,2026-09-01T23:34:18.269856+00:00
test_pdfs/test_pdfs/j_0135.pdf,254551,2026-04-16 12:17:11.715000,af3a1b8acb4ed8560e9a7d28314ec6a4715dd8aec4bac788f865d815dd064a3f,raw/kaggle/test_pdfs/test_pdfs/j_0135.pdf,nbJx7rABAGcue.zxeksWNc4YOI26ysdU,uploaded,2026-09-01T23:34:19.983618+00:00
test_pdfs/test_pdfs/j_0136.pdf,643287,2026-04-16 12:17:11.220000,d8d23b86d2e688bf9de16534ee82848ac1f7479b4922c9decae5361d05602cc9,raw/kaggle/test_pdfs/test_pdfs/j_0136.pdf,JvaKWotX3tQ6WKR4MJlqelUOFz7UTaQ3,uploaded,2026-09-01T23:34:21.531019+00:00
test_pdfs/test_pdfs/j_0137.pdf,1107626,2026-04-16 12:17:11.322000,1692160ef919d86fdb65a77e5fc7d6cb3d50b031c258f018008e81bf71c5fe70,raw/kaggle/test_pdfs/test_pdfs/j_0137.pdf,lu83Q7vwVcI4eAs2ZWAOe4wdpEBH_gfO,uploaded,2026-09-01T23:34:23.322291+00:00
test_pdfs/test_pdfs/j_0138.pdf,33031699,2026-04-16 12:17:18.060000,5b4a1479406ea62514b59917054561e4016543f5f0b7a647bebf0c210892670e,raw/kaggle/test_pdfs/test_pdfs/j_0138.pdf,osj9ONCAPPbMth.xzxI9NuGQnjVs57UO,uploaded,2026-09-01T23:34:26.235602+00:00
test_pdfs/test_pdfs/j_0139.pdf,1163205,2026-04-16 12:17:17.414000,a4401a86fba03c60bdceadb963e3a3d68b1a47638ad020146bb5c74611b77e1e,raw/kaggle/test_pdfs/test_pdfs/j_0139.pdf,HWdGeRW6QK9WOMkbM.uKGMX4RcIfnZEV,uploaded,2026-09-01T23:34:28.463803+00:00
test_pdfs/test_pdfs/j_0140.pdf,11618332,2026-04-16 12:17:13.647000,54f9553f28acad5321f7c883e01a76c0a36191451924107ce54bca1f1f8bf56b,raw/kaggle/test_pdfs/test_pdfs/j_0140.pdf,j1a3IZbGqQU3EXpfN9pz_0LLfQM95ZuN,uploaded,2026-09-01T23:34:30.634098+00:00
test_pdfs/test_pdfs/j_0141.pdf,137540,2026-04-16 12:17:13.494000,d8f2c9062779502b359d1a1eff78d40540935b891e92619bfc4351a740b72eb1,raw/kaggle/test_pdfs/test_pdfs/j_0141.pdf,NHxhfr6f9DVWoJ9.lOvseZbQu5uH8I6t,uploaded,2026-09-01T23:34:32.127431+00:00
test_pdfs/test_pdfs/j_0142.pdf,1292749,2026-04-16 12:17:13.778000,26ad5214204a4bd1d78b34e1a3daf4e1b46751d8e54bc2f7741f990be3381f00,raw/kaggle/test_pdfs/test_pdfs/j_0142.pdf,wRhu3O3811cb6SjpGHOUZrw2t5mQGrMd,uploaded,2026-09-01T23:34:34.285250+00:00
test_pdfs/test_pdfs/j_0143.pdf,5841962,2026-04-16 12:17:13.675000,8c474deb9f1855e9c77fea6465f71b47e65d79066c75fad8a34e18b52badc70d,raw/kaggle/test_pdfs/test_pdfs/j_0143.pdf,GdeL5C0tAGRD7M1oKOkxXP7L2Os1kRHH,uploaded,2026-09-01T23:34:36.181530+00:00
test_pdfs/test_pdfs/j_0144.pdf,994347,2026-04-16 12:17:14.520000,55303653cfae4829ca41fffdaaf63777b5281363d9025494a28036a4a0547635,raw/kaggle/test_pdfs/test_pdfs/j_0144.pdf,C1rIt_wHy6LGJN_s3k5U_ugOoVaFakWa,uploaded,2026-09-01T23:34:37.800462+00:00
test_pdfs/test_pdfs/j_0145.pdf,3132610,2026-04-16 12:17:14.541000,fd7f6a10282335b8cb4bc200914dbe0a47157fe32b3370378c226852559f0c93,raw/kaggle/test_pdfs/test_pdfs/j_0145.pdf,4Gwt3JVwTTJvl26H3ZRCBrGziewj0yKi,uploaded,2026-09-01T23:34:39.583275+00:00
test_pdfs/test_pdfs/j_0146.pdf,30176995,2026-04-16 12:17:14.741000,aed2d3c602d4fe3e854bc1427286d267cfca585b4339b1a0eeee56dec2ffd118,raw/kaggle/test_pdfs/test_pdfs/j_0146.pdf,RXwOZrNnjr2r5aQQiiJOk5WNEnG4_NPz,uploaded,2026-09-01T23:34:42.850371+00:00
test_pdfs/test_pdfs/j_0147.pdf,2334358,2026-04-16 12:17:14.179000,f2fcb8f679c9f6bd86d3e305486c5f628b9eca83c52b6b007da422317626a5a9,raw/kaggle/test_pdfs/test_pdfs/j_0147.pdf,l6l6B6Z3ZkGw86ytTAYKxiA8jtjcdI7B,uploaded,2026-09-01T23:34:44.689799+00:00
test_pdfs/test_pdfs/j_0148.pdf,42560736,2026-04-16 12:17:15.864000,3ccca5b52338c310f4d38acb99e1a352428ada9a85f00f794534ccb0b8328450,raw/kaggle/test_pdfs/test_pdfs/j_0148.pdf,9NhNE8BvdICWzQ9E.sjKFoaJxFBuPEWc,uploaded,2026-09-01T23:34:47.551834+00:00
test_pdfs/test_pdfs/j_0149.pdf,1661760,2026-04-16 12:17:14.729000,dc0a9ea091639294e7e6ab68984352d580a8fee6583ec469ea67cb13f136ae2c,raw/kaggle/test_pdfs/test_pdfs/j_0149.pdf,0zcqjH_shrKpllZFBd37w1r.GfwCWpdj,uploaded,2026-09-01T23:34:49.371913+00:00
test_pdfs/test_pdfs/j_0150.pdf,10707501,2026-04-16 12:17:14.815000,022de7da9f170a91ac969300e166c312b0c73fd7c5e38a2ee8e905595e2c4f00,raw/kaggle/test_pdfs/test_pdfs/j_0150.pdf,NRTXi.SpHMrIkHxSNwpPYQ1EdsRnJviz,uploaded,2026-09-01T23:34:51.792298+00:00
test_pdfs/test_pdfs/j_0151.pdf,12117957,2026-04-16 12:17:14.714000,67d791396738526e9c1dd7402082b10686b041139010de26555c32b8b6beef5c,raw/kaggle/test_pdfs/test_pdfs/j_0151.pdf,erDDHpCD5KCGWj3L3rnFfDSEEuuB1J4i,uploaded,2026-09-01T23:34:54.173442+00:00
test_pdfs/test_pdfs/j_0152.pdf,2447091,2026-04-16 12:17:14.160000,0cbd41b9e9a059a77527c01aae23a89693bf2b6bd19612d7c79bb344774777f1,raw/kaggle/test_pdfs/test_pdfs/j_0152.pdf,KUcK.Ui8cOH1.TUk4EgDQviKOUVfmMfG,uploaded,2026-09-01T23:34:56.472434+00:00
test_pdfs/test_pdfs/j_0153.pdf,450194,2026-04-16 12:17:14.128000,9045b03beb92588d28691713012fd31043bcd50249f0664c8f13cd17e249e95b,raw/kaggle/test_pdfs/test_pdfs/j_0153.pdf,wk7thfQ6.MizjBGLWOactCF.5VFCqtcO,uploaded,2026-09-01T23:34:58.019885+00:00
test_pdfs/test_pdfs/j_0154.pdf,8954202,2026-04-16 12:17:13.551000,eb0ce2c22a4bd21bd8194e3176119b5b0c9717eebb83c1148500a50168058ffe,raw/kaggle/test_pdfs/test_pdfs/j_0154.pdf,oTa3mw1mNlf886KunjGBjR4Uxhu4jf4l,uploaded,2026-09-01T23:35:00.365624+00:00
test_pdfs/test_pdfs/j_0155.pdf,982414,2026-04-16 12:17:13.529000,9002480d26c81cb552f7c9e4416c021805e00bd2e8dfcb4385c89faf5ec6df1d,raw/kaggle/test_pdfs/test_pdfs/j_0155.pdf,cXHbWXGGDYpSA1nOjR3bTI4vkHbBFwEC,uploaded,2026-09-01T23:35:02.611555+00:00
test_pdfs/test_pdfs/j_0156.pdf,2441932,2026-04-16 12:17:13.788000,4344a0c38b5095123a1a0405a421e03e1ede28ff41288cd303f68cb89290d31d,raw/kaggle/test_pdfs/test_pdfs/j_0156.pdf,FHXtbe5ZEobjzr_m.tDmUcfrknreyZzo,uploaded,2026-09-01T23:35:05.312375+00:00
test_pdfs/test_pdfs/j_0157.pdf,11889183,2026-04-16 12:17:13.985000,d353abe588a6295f72d9d8cc78d4ee6985c16688f9cb053310058e0367330113,raw/kaggle/test_pdfs/test_pdfs/j_0157.pdf,Ru78tzRuvyct5G37bc5RbaENWQvNv2BE,uploaded,2026-09-01T23:35:08.167351+00:00
test_pdfs/test_pdfs/j_0159.pdf,26341530,2026-04-16 12:17:16.257000,d50c47fe50daf7c9e661dac5d483cdef4b16bd86ef45b1cf4fed0bf99d79f3bb,raw/kaggle/test_pdfs/test_pdfs/j_0159.pdf,yeMtzJgzu4iCaNy6uSKWr7WqS37D2mho,uploaded,2026-09-01T23:35:10.855155+00:00
test_pdfs/test_pdfs/j_0160.pdf,13395787,2026-04-16 12:17:15.183000,ba1caab94d649c274345878a25702fa051e4ca686ad99f0f2695414a799948b0,raw/kaggle/test_pdfs/test_pdfs/j_0160.pdf,ke73rC_e0uGY3HgmaG450C5K41fHJCRB,uploaded,2026-09-01T23:35:13.273660+00:00
test_pdfs/test_pdfs/j_0161.pdf,8147867,2026-04-16 12:17:14.926000,e9f4709e903ed3cd64ebd17be5406d7e7175a50f33bb1c4cc7db81621701e2c8,raw/kaggle/test_pdfs/test_pdfs/j_0161.pdf,463vKMrHpw8.bMCBReeXz0EGGUOXJajz,uploaded,2026-09-01T23:35:15.251365+00:00
test_pdfs/test_pdfs/j_0162.pdf,3603321,2026-04-16 12:17:15.209000,c272231cca3cf84cc0f0c940b3be9b5fe3565bcfe1ad83fa4d1fce993fe65597,raw/kaggle/test_pdfs/test_pdfs/j_0162.pdf,NnG78sNDEy0KwKhWj.86gIXeGwXMP2M9,uploaded,2026-09-01T23:35:17.089525+00:00
test_pdfs/test_pdfs/j_0163.pdf,2402133,2026-04-16 12:17:15.230000,8d68ede711bb52397a9360df82cc3773ad715fbb73094f4b41f883970c824d6a,raw/kaggle/test_pdfs/test_pdfs/j_0163.pdf,peiu7IykF94OEbRswLifOoTwWcDK84k4,uploaded,2026-09-01T23:35:18.753126+00:00
test_pdfs/test_pdfs/j_0164.pdf,755986,2026-04-16 12:17:15.523000,f7344b30e23c4567b55e6831d2b55445ef19510fd9c844fd144f57e1b0505ca9,raw/kaggle/test_pdfs/test_pdfs/j_0164.pdf,DYaguaVsOWKvFe7Ot3YgM5V8._TxTE68,uploaded,2026-09-01T23:35:20.413190+00:00
test_pdfs/test_pdfs/j_0165.pdf,2808610,2026-04-16 12:17:15.826000,8d578c8b25cca664894dd441660b3ffa848ec7ded7bf7d5e6420b961c52ba968,raw/kaggle/test_pdfs/test_pdfs/j_0165.pdf,De2leWDnZXJputJNQ6rSomPnnXfm0pLv,uploaded,2026-09-01T23:35:22.089769+00:00
test_pdfs/test_pdfs/j_0166.pdf,1568381,2026-04-16 12:17:15.370000,7bc530c4c77d227f02249d6b28d295b9935bb6c26e5776aecd3ac95dccc8e1f0,raw/kaggle/test_pdfs/test_pdfs/j_0166.pdf,92WInzo2bx7Gd_0CVjmYkkLWGeTXRavV,uploaded,2026-09-01T23:35:24.021484+00:00
test_pdfs/test_pdfs/j_0167.pdf,924041,2026-04-16 12:17:15.283000,b20732e4adac9327e8d870d7038ad806e5a35b66ac555adaa4391c7a1a496850,raw/kaggle/test_pdfs/test_pdfs/j_0167.pdf,0d5KhZd_ILm5M5aDeeULTSpZgsWELpKu,uploaded,2026-09-01T23:35:25.537649+00:00
test_pdfs/test_pdfs/j_0168.pdf,601216,2026-04-16 12:17:13.324000,938b524564da39f43f348b148929dcb6b5757986d412ea6a1b6280ebab02cbdb,raw/kaggle/test_pdfs/test_pdfs/j_0168.pdf,tEmow0Cc4FNBN.0NW13CIZQ7JTuqdTBs,uploaded,2026-09-01T23:35:27.478760+00:00
test_pdfs/test_pdfs/j_0169.pdf,826422,2026-04-16 12:17:13.495000,7395a39610c1d435876e890fcc6c642f0719ec491459472a525a23463c5b0af1,raw/kaggle/test_pdfs/test_pdfs/j_0169.pdf,A1xcT.GuuIAh1QyCDsSYlDA9_PTCW8AJ,uploaded,2026-09-01T23:35:29.129728+00:00
test_pdfs/test_pdfs/j_0170.pdf,3366806,2026-04-16 12:17:15.563000,38665ae895f70c521d0d6f5f365ac5d0f00f3b6643718d1fa481ded83667f2da,raw/kaggle/test_pdfs/test_pdfs/j_0170.pdf,ar2nKT_B5w_oZT_NVQci8HuNf1Y3tHDx,uploaded,2026-09-01T23:35:31.632424+00:00
test_pdfs/test_pdfs/j_0171.pdf,11754339,2026-04-16 12:17:16.246000,7432471d2f46c114f1ede589e631350ad03d428fe4589949ad70562a13507ddd,raw/kaggle/test_pdfs/test_pdfs/j_0171.pdf,yrO6kFNZFrmnlgC5XaWv9MoUm2hw335d,uploaded,2026-09-01T23:35:34.116347+00:00
test_pdfs/test_pdfs/j_0172.pdf,6996795,2026-04-16 12:17:15.494000,6f68e55c645c6f0b05e39d11cac7aa42a9bee28b0cad1dc232fbca7604e5ba60,raw/kaggle/test_pdfs/test_pdfs/j_0172.pdf,r1hNdx8AyLBpAp4l1fj2_WrJzPq0m8ZE,uploaded,2026-09-01T23:35:36.300969+00:00
test_pdfs/test_pdfs/j_0173.pdf,997119,2026-04-16 12:17:15.389000,d2aaf922948e99a48ba0a18d21102709d0d6e4e08c9e8b8041b29401262b348b,raw/kaggle/test_pdfs/test_pdfs/j_0173.pdf,a8Ac4QG9.gCSfkkkLccas7rKhq0CBMLh,uploaded,2026-09-01T23:35:38.038177+00:00
test_pdfs/test_pdfs/v_0001.pdf,486966,2026-04-16 12:17:11.251000,5e9465c1bb5e85d876871ca1eedf244d436468fc930df1ef431b3d71a148ebd7,raw/kaggle/test_pdfs/test_pdfs/v_0001.pdf,wM4Cin98IR_1ULIB1jvKncqdYbcRWbYN,uploaded,2026-09-01T23:35:39.683639+00:00
test_pdfs/test_pdfs/v_0002.pdf,7629833,2026-04-16 12:17:12.064000,6d832b5291f1f25d446731070a59e0e4fa2f7e7805300f50eb378cb0c3327cc1,raw/kaggle/test_pdfs/test_pdfs/v_0002.pdf,J2KgpD9JlyM2QdKbdMo9MwK0ZJ5JLFrl,uploaded,2026-09-01T23:35:41.914250+00:00
test_pdfs/test_pdfs/v_0003.pdf,180434,2026-04-16 12:17:11.599000,83f1adbb1fc7e0c55b564a641ca1e30ea8c16ad3f055caada640fa1a8ea9590a,raw/kaggle/test_pdfs/test_pdfs/v_0003.pdf,Z8AoZ.KA.nR6S1FfMiOceUmpKMO_xvvF,uploaded,2026-09-01T23:35:43.354548+00:00
test_pdfs/test_pdfs/v_0005.pdf,382541,2026-04-16 12:17:12.614000,18afde296ed759c03f9a8102bfb5c75be18cb1effca0c5a8098d21e9457036d3,raw/kaggle/test_pdfs/test_pdfs/v_0005.pdf,CmnVhiMG9gTSxlpemaHin.mk4.Zq3U0q,uploaded,2026-09-01T23:35:44.755877+00:00
test_pdfs/test_pdfs/v_0006.pdf,599574,2026-04-16 12:17:12.213000,c31dce5513a2585d7b3258dc30e5c90418fb85932dd7cd6a78af969c5ebe840d,raw/kaggle/test_pdfs/test_pdfs/v_0006.pdf,w1VF1YetLX4IPo.hn6r2vnytIGyjJTK5,uploaded,2026-09-01T23:35:46.535502+00:00
test_pdfs/test_pdfs/v_0008.pdf,542616,2026-04-16 12:17:16.369000,28b6d567aef7ddb5a0aed0d2d67333fab3ff5d035442fa981c606b65b2d6e4f4,raw/kaggle/test_pdfs/test_pdfs/v_0008.pdf,IVU_QkpVewDQMtbA8ESPvMGi3D9d8w5W,uploaded,2026-09-01T23:35:48.023164+00:00
test_pdfs/test_pdfs/v_0009.pdf,534146,2026-04-16 12:17:15.969000,2021432e88dfc01e56f053cd0fb35d6267b7c0cf2c50b2ae9f7950429b1bc6ec,raw/kaggle/test_pdfs/test_pdfs/v_0009.pdf,0gyaYNewga_i6DwPJraJHmLzr3v997D3,uploaded,2026-09-01T23:35:49.765781+00:00
test_pdfs/test_pdfs/v_0010.pdf,1119803,2026-04-16 12:17:12.941000,aff107b523d45e0b688aa627caa7d0cf875c58cf1b58245ed6f9dcaf19870ac7,raw/kaggle/test_pdfs/test_pdfs/v_0010.pdf,XGVr0Df1mRUoYncreqlhjcufdF53FrIG,uploaded,2026-09-01T23:35:51.538421+00:00
test_pdfs/test_pdfs/v_0011.pdf,588003,2026-04-16 12:17:12.687000,d19f43a8c8c68a6063d1b514907e85994ae2d67547d5a78cfc514df848a2d6d3,raw/kaggle/test_pdfs/test_pdfs/v_0011.pdf,nNgQC9.crolzkKjbHqHPdZWucdwGoWQ5,uploaded,2026-09-01T23:35:53.492811+00:00
test_pdfs/test_pdfs/v_0012.pdf,836325,2026-04-16 12:17:12.220000,7bb947cc6d3f8b941829563a5e4374c0164e0625e90b747c43a92011ae3850fe,raw/kaggle/test_pdfs/test_pdfs/v_0012.pdf,uPwsJHAaN6o2K2pyHEg6U85eiKa0bDLX,uploaded,2026-09-01T23:35:55.300339+00:00
test_pdfs/test_pdfs/v_0014.pdf,1613993,2026-04-16 12:17:11.244000,8d5cee190c56ee8e2294613799e6c61817a4e62b23e04d569746dfd530192639,raw/kaggle/test_pdfs/test_pdfs/v_0014.pdf,IHUvrsHJw8osVK.S6HT5UNoX2R0hnkvt,uploaded,2026-09-01T23:35:57.351242+00:00
test_pdfs/test_pdfs/v_0015.pdf,824081,2026-04-16 12:17:11.225000,1990f24cbb78a4801be14e91b1b35c18ce0b25eaf63cc1ead46a20c31caab405,raw/kaggle/test_pdfs/test_pdfs/v_0015.pdf,Wacfi2x36Kewro9hsjcF.923COh5AVvh,uploaded,2026-09-01T23:35:58.972485+00:00
test_pdfs/test_pdfs/v_0016.pdf,477161,2026-04-16 12:17:11.970000,00a8a455eecd057f138d1b1528ac41fb7c5e2fb37f19104878923dc2ea0c3cd5,raw/kaggle/test_pdfs/test_pdfs/v_0016.pdf,F5H55Lg5wYSJPmVN0CFbFVHcQb_Sy1O_,uploaded,2026-09-01T23:36:00.826588+00:00
test_pdfs/test_pdfs/v_0017.pdf,8155446,2026-04-16 12:17:11.757000,042e4f5626191456ed4fcca615febf47aa20db494eb877440925c4bbdc021e7f,raw/kaggle/test_pdfs/test_pdfs/v_0017.pdf,x5x5eMYwyaI6NV8DpFyXFCzW4atanF5I,uploaded,2026-09-01T23:36:02.812346+00:00
test_pdfs/test_pdfs/v_0018.pdf,3501206,2026-04-16 12:17:17.917000,fb928b9a3ca69cb523a8846f57b234bfddc15af59807ed713b29b2e40a43bb6e,raw/kaggle/test_pdfs/test_pdfs/v_0018.pdf,QjjDns.kdVCWd_bdJ.QIw2l6..4FLQsh,uploaded,2026-09-01T23:36:04.688707+00:00
test_pdfs/test_pdfs/v_0019.pdf,2596993,2026-04-16 12:17:18.593000,139bcffc49ef39f37792d9035f581ae0d824445cfa1a803c2c3adb8bf4452193,raw/kaggle/test_pdfs/test_pdfs/v_0019.pdf,hD5XO5FkuvrjyNr623YY7M8zoZchV8Cz,uploaded,2026-09-01T23:36:06.447309+00:00
test_pdfs/test_pdfs/v_0020.pdf,964640,2026-04-16 12:17:16.367000,2420f8a76ea2529c31d8f9acf5eb31aea10b05c24db8083b32801b85343cc7c3,raw/kaggle/test_pdfs/test_pdfs/v_0020.pdf,1OrvO.elDZ4x6Pr2cWxdDCXSw4ifqvxS,uploaded,2026-09-01T23:36:07.978763+00:00
test_pdfs/test_pdfs/v_0021.pdf,1945862,2026-04-16 12:17:16.017000,21d3519eb9b8b59073815e11ad391752031bc53ac807fc2fea1393efd9728333,raw/kaggle/test_pdfs/test_pdfs/v_0021.pdf,A7lmt.rAb87wRuJEgQ35701VmVCSMVFT,uploaded,2026-09-01T23:36:09.660945+00:00
test_pdfs/test_pdfs/v_0024.pdf,433745,2026-04-16 12:17:17.860000,d5e16b249eacfdaf408b0cd2de570ae08fce6c7705aab5260f49c7e646151558,raw/kaggle/test_pdfs/test_pdfs/v_0024.pdf,20i0NmuD6K0r_jP9r_NgmmZiSvfxqxab,uploaded,2026-09-01T23:36:11.324817+00:00
test_pdfs/test_pdfs/v_0025.pdf,1777584,2026-04-16 12:17:18.555000,d7ed19f29874aeee9d0db3ad8ccecc4ecfe35c919f09e447a4360dde83b2faae,raw/kaggle/test_pdfs/test_pdfs/v_0025.pdf,74aDLicjZFMJAhMlklaa3tLfCcMjoClg,uploaded,2026-09-01T23:36:12.926841+00:00
test_pdfs/test_pdfs/v_0026.pdf,646220,2026-04-16 12:17:17.730000,ccdec896c4e70a4989e413155cd911c1c1cf5a258f60b2cb7ab7254fc1eab7d7,raw/kaggle/test_pdfs/test_pdfs/v_0026.pdf,WmaLh.Ko6w5W3fGEFc2PieNgCuALnrgw,uploaded,2026-09-01T23:36:14.432123+00:00
test_pdfs/test_pdfs/v_0030.pdf,3024744,2026-04-16 12:17:17.945000,8116b61ba42b99bd02993525053dddcd0bcca09993f4bd849b2513d5f13dea85,raw/kaggle/test_pdfs/test_pdfs/v_0030.pdf,OV9S2gE6TnxOjCRrBELsq2HhjgGLCE5G,uploaded,2026-09-01T23:36:16.279091+00:00
test_pdfs/test_pdfs/v_0031.pdf,1387034,2026-04-16 12:17:18.523000,fd12323f53e12863873562414b03d72f7ec9b5fb3029ba54be3051608dec8624,raw/kaggle/test_pdfs/test_pdfs/v_0031.pdf,kquK55KiiNvxXhIrdnNMbXYhlF0HrXIp,uploaded,2026-09-01T23:36:18.047376+00:00
test_pdfs/test_pdfs/v_0037.pdf,1099446,2026-04-16 12:17:17.019000,f98817fbfefe91e54bdde58b5b0fb7d85fd7b7df828a084365bfdaa68bec1508,raw/kaggle/test_pdfs/test_pdfs/v_0037.pdf,yg9woJ975V0iAjWyrU9Cm0IcdG6Pkry7,uploaded,2026-09-01T23:36:19.851454+00:00
test_pdfs/test_pdfs/v_0039.pdf,1276908,2026-04-16 12:17:12.625000,1e542aa934df7816d45357e2793cc58a9d0a5ecdf922c884c7ecc6d52b3d1539,raw/kaggle/test_pdfs/test_pdfs/v_0039.pdf,lAkEhjsTpX.SoeFNxmkobP9angohsmS2,uploaded,2026-09-01T23:36:21.945161+00:00
test_pdfs/test_pdfs/v_0043.pdf,1975378,2026-04-16 12:17:15.161000,bd43c7bfc0da713e27acbe95cefcc81527a70c36bb264347c49f3d6ab8f9902a,raw/kaggle/test_pdfs/test_pdfs/v_0043.pdf,O7tHzCm3eqVqAaNUzBnBtn8UKuuPXaRn,uploaded,2026-09-01T23:36:23.756085+00:00
test_pdfs/test_pdfs/v_0064.pdf,8260469,2026-04-16 12:17:14.314000,5712aad160a79c947d7a90280573c904c8450ef01e0cf3606c52895b74fde284,raw/kaggle/test_pdfs/test_pdfs/v_0064.pdf,PebL1wLtJ0SR_75sqBILZsEaC_bIGh3d,uploaded,2026-09-01T23:36:25.701166+00:00
test_pdfs/test_pdfs/v_0065.pdf,784966,2026-04-16 12:17:13.876000,0ab7cabea9350f7a7415787a431cc32a25db9acd3864ce3c83d7c319931feb9f,raw/kaggle/test_pdfs/test_pdfs/v_0065.pdf,aDsdvP45XUiFWV3.67XEOFbm.S.LPrZz,uploaded,2026-09-01T23:36:27.573754+00:00
test_pdfs/test_pdfs/v_0066.pdf,1822647,2026-04-16 12:17:14.345000,3c4f5c97a64448908d82a0370930fa49146894f90c1c51d5f58c62dbb0f5a173,raw/kaggle/test_pdfs/test_pdfs/v_0066.pdf,gMUGW8COFaJJNprBcr6n41q4sY87v4iL,uploaded,2026-09-01T23:36:29.366678+00:00
test_pdfs/test_pdfs/v_0070.pdf,1980871,2026-04-16 12:17:14.233000,cc4cd96490152bb7dd1fa0c76c8c36c4f722162fa85faa7638b95232c9653b58,raw/kaggle/test_pdfs/test_pdfs/v_0070.pdf,jOfCeDwAa2j7RE8mPddxASVBvItlxRKi,uploaded,2026-09-01T23:36:31.537496+00:00
test_pdfs/test_pdfs/v_0071.pdf,655819,2026-04-16 12:17:13.836000,2637fe5cb5f584ced4a76e7b5ff60a27d7dc9729617dab84025dbbd8b408c2c2,raw/kaggle/test_pdfs/test_pdfs/v_0071.pdf,VbWXMUJFJu0vrpum.M21LVdhaUWWe7Dc,uploaded,2026-09-01T23:36:33.031426+00:00
test_pdfs/test_pdfs/v_0072.pdf,5406630,2026-04-16 12:17:14.443000,e14f19171533647390bfeb28c5ffbed4a8b68482d060c1bf706337652c230bdb,raw/kaggle/test_pdfs/test_pdfs/v_0072.pdf,xUY3ezlcN4BusbM4wjy1GdBdY0JiYvKu,uploaded,2026-09-01T23:36:34.703633+00:00
test_pdfs/test_pdfs/v_0073.pdf,1633935,2026-04-16 12:17:14.691000,5079ada1c9e72ee95ab00040249882162e1040ec15cb0d99e31597b752d2e527,raw/kaggle/test_pdfs/test_pdfs/v_0073.pdf,PTFUbAj4Imy5EcjEQAAhRHNFOdcqL4wf,uploaded,2026-09-01T23:36:36.862593+00:00
test_pdfs/test_pdfs/v_0081.pdf,3889706,2026-04-16 12:17:14.844000,f0eac3293eb6cd422e36e78258306dd12970c28a279c95bcb10023980e1d632c,raw/kaggle/test_pdfs/test_pdfs/v_0081.pdf,y47tU64S91eUmP4__yIKWgv6zZSRIt5d,uploaded,2026-09-01T23:36:38.561290+00:00
test_pdfs/test_pdfs/v_0097.pdf,904331,2026-04-16 12:17:15.226000,8542e0bbef98e88543e3ef7c958c849a637034e7f8b314fa6b865a01e9b94b9e,raw/kaggle/test_pdfs/test_pdfs/v_0097.pdf,KvjQOEalVKPG1kV5DhplXfY6Rt3tzIm2,uploaded,2026-09-01T23:36:40.117085+00:00
test_pdfs/test_pdfs/v_0102.pdf,373410,2026-04-16 12:17:13.555000,62d3cc7e1b3a3aefeaed4ca2eb2d68fa46955202f6143aef7a9f81e1ea697164,raw/kaggle/test_pdfs/test_pdfs/v_0102.pdf,CDmpL_CJ993X7ude_hxsBV8FyHuu.zfq,uploaded,2026-09-01T23:36:41.502835+00:00
test_pdfs/test_pdfs/v_0103.pdf,3024178,2026-04-16 12:17:13.299000,93a115d3e61b20e5f6513eba9eb419f35b35193ec7b7cde7d0d667a7db6495b7,raw/kaggle/test_pdfs/test_pdfs/v_0103.pdf,yPHoQT87n_X8uolTrjyptl9QQ_c40XaH,uploaded,2026-09-01T23:36:43.667626+00:00
train.csv,5519,2026-04-16 12:17:11.126000,be49a916acba2bb1bd5101095af6518b6c873198d3728a20cc7c5237bd2be52c,raw/kaggle/train.csv,bhCVhkHuqfkPpMWwNx.l91P2Kwlilrv5,uploaded,2026-09-01T23:36:44.725174+00:00
train_pdfs/train_pdfs/j_0030.pdf,1296177,2026-04-16 12:17:11.169000,7a7cde3e821b4e5f7caed9f99bf72caf0aa15c902f5a023b4c043d14d94d2026,raw/kaggle/train_pdfs/train_pdfs/j_0030.pdf,tf2NFI5VyN7OXrYlnrQgiGqr6lbWOLMZ,uploaded,2026-09-01T23:36:46.970885+00:00
train_pdfs/train_pdfs/j_0057.pdf,1333119,2026-04-16 12:17:11.167000,d4438a01a1a907f5418ff7bc39ef890e89670e692651c961f7c806b44a86d3f5,raw/kaggle/train_pdfs/train_pdfs/j_0057.pdf,0CVRv4HXVz2rtnKvgLti019er2CzE8FJ,uploaded,2026-09-01T23:36:48.682481+00:00
train_pdfs/train_pdfs/j_0060.pdf,1933841,2026-04-16 12:17:11.239000,ada35dad404b168d0fe27769ceec2dc8831f09ce221582c4e50b64798ad82132,raw/kaggle/train_pdfs/train_pdfs/j_0060.pdf,Jfzd.yOIqVGb6O8grglkyewM3I._uWKw,uploaded,2026-09-01T23:36:50.518685+00:00
train_pdfs/train_pdfs/j_0158.pdf,8791792,2026-04-16 12:17:11.315000,fa38c54a64632ee0e50487915a32f42a994ba6cfa480cc8b3522be2126928669,raw/kaggle/train_pdfs/train_pdfs/j_0158.pdf,131w9NE9LRBnmQ6VJAf46IAOH7ShvHzj,uploaded,2026-09-01T23:36:52.669871+00:00
train_pdfs/train_pdfs/v_0104.pdf,561280,2026-04-16 12:17:11.120000,a20affc6d319a6b8b461a842c9c0914f69b572b954cc87eeb555a8e26d655834,raw/kaggle/train_pdfs/train_pdfs/v_0104.pdf,54tRUOcdKhJS0d13ERJpe5Q5qXktTJPz,uploaded,2026-09-01T23:36:54.395358+00:00
